[{"id":"user-image-23692884.jpg","fileName":"23692884.jpg","name":"23692884","publicUrl":"https://assets.nicepagecdn.com/0876777f/5558905/images/23692884.jpg","size":72899,"hash":"Y07sRYr1vqurqoFyh0nmr0f0Yng=","width":450,"height":336,"folderId":null,"thumbnail":{"url":"https://assets.nicepagecdn.com/0876777f/5558905/images/thumbnails/23692884.jpg","width":150,"height":112},"usages":["5558915"]},{"id":"user-image-photo-1597848007618-54db4e82fe3a.jpg","fileName":"photo-1597848007618-54db4e82fe3a.jpg","name":"photo-1597848007618-54db4e82fe3a","publicUrl":"https://assets.nicepagecdn.com/0876777f/5558905/images/photo-1597848007618-54db4e82fe3a.jpg","size":117075,"hash":"Sva6tbjGXI6GPAvNOwyxL3ipS64=","width":1000,"height":667,"folderId":null,"thumbnail":{"url":"https://assets.nicepagecdn.com/0876777f/5558905/images/thumbnails/photo-1597848007618-54db4e82fe3a.jpg","width":150,"height":100},"usages":["5558914"]},{"id":"user-image-abstract-pattern-pyramid-triangle.jpg","fileName":"abstract-pattern-pyramid-triangle.jpg","name":"abstract-pattern-pyramid-triangle","publicUrl":"https://assets.nicepagecdn.com/0876777f/5558905/images/abstract-pattern-pyramid-triangle.jpg","size":35909,"hash":"0/yfxZj2GIlpjrJb2Vox9651TTc=","width":910,"height":607,"folderId":null,"thumbnail":{"url":"https://assets.nicepagecdn.com/0876777f/5558905/images/thumbnails/abstract-pattern-pyramid-triangle.jpg","width":150,"height":100},"usages":["5559416"]},{"id":"user-image-HD-wallpaper-windows-10-blue-aesthetic-background-blue-aesthetic.jpg","fileName":"HD-wallpaper-windows-10-blue-aesthetic-background-blue-aesthetic.jpg","name":"HD-wallpaper-windows-10-blue-aesthetic-background-blue-aesthetic","publicUrl":"https://assets.nicepagecdn.com/0876777f/5558905/images/HD-wallpaper-windows-10-blue-aesthetic-background-blue-aesthetic.jpg","size":56419,"hash":"nNNdG1YsbYEU2uXAUMmLJI7tWjg=","width":800,"height":450,"folderId":null,"thumbnail":{"url":"https://assets.nicepagecdn.com/0876777f/5558905/images/thumbnails/HD-wallpaper-windows-10-blue-aesthetic-background-blue-aesthetic.jpg","width":150,"height":84},"usages":["5559416"]},{"id":"user-image-1Ls6gb.webp","fileName":"1Ls6gb.webp","name":"1Ls6gb","publicUrl":"https://assets.nicepagecdn.com/0876777f/5558905/images/1Ls6gb.webp","size":45236,"hash":"DNOacokYkqCi4lMtDCPBycWmqy4=","width":1280,"height":800,"folderId":null,"thumbnail":{"url":"https://assets.nicepagecdn.com/0876777f/5558905/images/1Ls6gb.webp","width":1280,"height":800},"usages":["5558964"]},{"id":"user-image-1014815.png","fileName":"1014815.png","name":"1014815","publicUrl":"https://assets.nicepagecdn.com/0876777f/5558905/images/1014815.png","size":2179820,"hash":"FQk/+IcgFUCoturciMp3mQfco7E=","width":1920,"height":1080,"folderId":null,"thumbnail":{"url":"https://assets.nicepagecdn.com/0876777f/5558905/images/thumbnails/1014815.png","width":150,"height":84},"usages":["5558964"]},{"id":"user-image-anonymous-hooded-hackers-hacking-data-tablet-over-bright-dark-vertical-stripes-background-223577716.webp","fileName":"anonymous-hooded-hackers-hacking-data-tablet-over-bright-dark-vertical-stripes-background-223577716.webp","name":"anonymous-hooded-hackers-hacking-data-tablet-over-bright-dark-vertical-stripes-background-223577716","publicUrl":"https://assets.nicepagecdn.com/0876777f/5558905/images/anonymous-hooded-hackers-hacking-data-tablet-over-bright-dark-vertical-stripes-background-223577716.webp","size":14060,"hash":"juwA8NKrxDrh4I+kXjVT60vhKag=","width":800,"height":545,"folderId":null,"thumbnail":{"url":"https://assets.nicepagecdn.com/0876777f/5558905/images/anonymous-hooded-hackers-hacking-data-tablet-over-bright-dark-vertical-stripes-background-223577716.webp","width":800,"height":545},"usages":["5558964"]},{"id":"user-image-711495911.webp","fileName":"711495911.webp","name":"711495911","publicUrl":"https://assets.nicepagecdn.com/0876777f/5558905/images/711495911.webp","size":152598,"hash":"+ey/AZDJVMOhAJhleTVlmWVBGzw=","width":750,"height":500,"folderId":null,"thumbnail":{"url":"https://assets.nicepagecdn.com/0876777f/5558905/images/711495911.webp","width":750,"height":500},"usages":["5559416"]},{"id":"user-image-15632785941.jpg","fileName":"15632785941.jpg","name":"15632785941","publicUrl":"https://assets.nicepagecdn.com/0876777f/5558905/images/15632785941.jpg","size":70842,"hash":"NtC5dpBWyqLOftkSYJqPvAYhITU=","width":750,"height":500,"folderId":null,"thumbnail":{"url":"https://assets.nicepagecdn.com/0876777f/5558905/images/thumbnails/15632785941.jpg","width":150,"height":100},"usages":[]},{"id":"user-image-desktop-wallpaper-dark-windows-backgroundsgood-computer-dark-windows.jpg","fileName":"desktop-wallpaper-dark-windows-backgroundsgood-computer-dark-windows.jpg","name":"desktop-wallpaper-dark-windows-backgroundsgood-computer-dark-windows","publicUrl":"https://assets.nicepagecdn.com/0876777f/5558905/images/desktop-wallpaper-dark-windows-backgroundsgood-computer-dark-windows.jpg","size":97399,"hash":"yNGW+GLO9ft1KiDSxIM5R92Q8PE=","width":850,"height":531,"folderId":null,"thumbnail":{"url":"https://assets.nicepagecdn.com/0876777f/5558905/images/thumbnails/desktop-wallpaper-dark-windows-backgroundsgood-computer-dark-windows.jpg","width":150,"height":94},"usages":[]},{"id":"user-image-download-1.png","fileName":"download-1.png","name":"download-1","publicUrl":"https://assets.nicepagecdn.com/0876777f/5558905/images/download-1.png","size":4717,"hash":"ubqXLHBmeoc6q2ohgtYX95k7bs4=","width":225,"height":225,"folderId":null,"thumbnail":{"url":"https://assets.nicepagecdn.com/0876777f/5558905/images/thumbnails/download-1.png","width":150,"height":150},"usages":["5558914"]},{"id":"user-image-anak_belajar_1-min.width-800.format-webp.webp","fileName":"anak_belajar_1-min.width-800.format-webp.webp","name":"anak_belajar_1-min.width-800.format-webp","publicUrl":"https://assets.nicepagecdn.com/0876777f/5558905/images/anak_belajar_1-min.width-800.format-webp.webp","size":19356,"hash":"jFPsiq7rGQdPcCW73A+uMUIeO/8=","width":800,"height":600,"folderId":null,"thumbnail":{"url":"https://assets.nicepagecdn.com/0876777f/5558905/images/anak_belajar_1-min.width-800.format-webp.webp","width":800,"height":600},"usages":["5558914"]},{"id":"user-image-3575271-800x400.jpg","fileName":"3575271-800x400.jpg","name":"3575271-800x400","publicUrl":"https://assets.nicepagecdn.com/0876777f/5558905/images/3575271-800x400.jpg","size":38361,"hash":"iWxFkT9fqWqoieIcfWYhs5c+FT8=","width":800,"height":400,"folderId":null,"thumbnail":{"url":"https://assets.nicepagecdn.com/0876777f/5558905/images/thumbnails/3575271-800x400.jpg","width":150,"height":75},"usages":[]},{"id":"user-image-istockphoto-1141102555-1024x1024.jpg","fileName":"istockphoto-1141102555-1024x1024.jpg","name":"istockphoto-1141102555-1024x1024","publicUrl":"https://assets.nicepagecdn.com/0876777f/5558905/images/istockphoto-1141102555-1024x1024.jpg","size":104511,"hash":"BkgFi7Zx6ckfP91zGqmjlw5LhPc=","width":1024,"height":831,"folderId":null,"thumbnail":{"url":"https://assets.nicepagecdn.com/0876777f/5558905/images/thumbnails/istockphoto-1141102555-1024x1024.jpg","width":150,"height":122},"usages":["5558914"]},{"id":"user-image-148049918.jpg","fileName":"148049918.jpg","name":"148049918","publicUrl":"https://assets.nicepagecdn.com/0876777f/5558905/images/148049918.jpg","size":15285,"hash":"KemV5bMSGn59LGUAzCmYQmSYS8M=","width":275,"height":183,"folderId":null,"thumbnail":{"url":"https://assets.nicepagecdn.com/0876777f/5558905/images/thumbnails/148049918.jpg","width":150,"height":100},"usages":[]},{"id":"user-image-Suasana-yang-mendukung-untuk-belajar.jpg","fileName":"Suasana-yang-mendukung-untuk-belajar.jpg","name":"Suasana-yang-mendukung-untuk-belajar","publicUrl":"https://assets.nicepagecdn.com/0876777f/5558905/images/Suasana-yang-mendukung-untuk-belajar.jpg","size":194418,"hash":"yJ/WUKkXsKkQjDuMNculXuc+Qtg=","width":726,"height":409,"folderId":null,"thumbnail":{"url":"https://assets.nicepagecdn.com/0876777f/5558905/images/thumbnails/Suasana-yang-mendukung-untuk-belajar.jpg","width":150,"height":85},"usages":["5558914"]},{"id":"user-image-Cara-Membuat-Jadwal-Pelajaran-yang-Menarik-Lengkap-dengan-Contohnya.jpg","fileName":"Cara-Membuat-Jadwal-Pelajaran-yang-Menarik-Lengkap-dengan-Contohnya.jpg","name":"Cara-Membuat-Jadwal-Pelajaran-yang-Menarik-Lengkap-dengan-Contohnya","publicUrl":"https://assets.nicepagecdn.com/0876777f/5558905/images/Cara-Membuat-Jadwal-Pelajaran-yang-Menarik-Lengkap-dengan-Contohnya.jpg","size":148005,"hash":"qjuRYfHG0kXwGGumqWQM2G5McU4=","width":600,"height":397,"folderId":null,"thumbnail":{"url":"https://assets.nicepagecdn.com/0876777f/5558905/images/thumbnails/Cara-Membuat-Jadwal-Pelajaran-yang-Menarik-Lengkap-dengan-Contohnya.jpg","width":150,"height":99},"usages":["5558914"]},{"id":"user-image-download.jpg","fileName":"download.jpg","name":"download","publicUrl":"https://assets.nicepagecdn.com/0876777f/5558905/images/download.jpg","size":7659,"hash":"/ZwLM+/pC9WEnZhmkLImQcEjCzo=","width":225,"height":225,"folderId":null,"thumbnail":{"url":"https://assets.nicepagecdn.com/0876777f/5558905/images/thumbnails/download.jpg","width":150,"height":150},"usages":["5558914"]},{"id":"user-image-images.jpg","fileName":"images.jpg","name":"images","publicUrl":"https://assets.nicepagecdn.com/0876777f/5558905/images/images.jpg","size":12892,"hash":"Z+Jj2O2YLePq4xOjsvpez7uOaMs=","width":201,"height":251,"folderId":null,"thumbnail":{"url":"https://assets.nicepagecdn.com/0876777f/5558905/images/thumbnails/images.jpg","width":120,"height":150},"usages":[]},{"id":"user-image-teknologi-topanalfa.webp","fileName":"teknologi-topanalfa.webp","name":"teknologi-topanalfa","publicUrl":"https://assets.nicepagecdn.com/0876777f/5558905/images/teknologi-topanalfa.webp","size":35720,"hash":"EfI7E7r03U3th/agd9neIC3kk8c=","width":700,"height":412,"folderId":null,"thumbnail":{"url":"https://assets.nicepagecdn.com/0876777f/5558905/images/teknologi-topanalfa.webp","width":700,"height":412},"usages":[]},{"id":"user-image-bc3404c8-e729-4cd7-bd6d-ca4a7aaf9098.jpg","fileName":"bc3404c8-e729-4cd7-bd6d-ca4a7aaf9098.jpg","name":"bc3404c8-e729-4cd7-bd6d-ca4a7aaf9098","publicUrl":"https://assets.nicepagecdn.com/0876777f/5558905/images/bc3404c8-e729-4cd7-bd6d-ca4a7aaf9098.jpg","size":22190,"hash":"sevew0LbQ8C+nFcJ+JEoJ3q0sBU=","width":705,"height":644,"folderId":null,"thumbnail":{"url":"https://assets.nicepagecdn.com/0876777f/5558905/images/thumbnails/bc3404c8-e729-4cd7-bd6d-ca4a7aaf9098.jpg","width":150,"height":137},"usages":[]},{"id":"user-image-1383269.png","fileName":"1383269.png","name":"1383269","publicUrl":"https://assets.nicepagecdn.com/0876777f/5558905/images/1383269.png","size":10926,"hash":"MowaGBcDPEqJzmCe6Z0/hqoCaXw=","width":128,"height":128,"folderId":null,"thumbnail":{"url":"https://assets.nicepagecdn.com/0876777f/5558905/images/1383269.png","width":128,"height":128},"usages":[]},{"id":"user-image-232397.png","fileName":"232397.png","name":"232397","publicUrl":"https://assets.nicepagecdn.com/0876777f/5558905/images/232397.png","size":6342,"hash":"WMnJB/t799oJa/P0bbjXoL/n8aQ=","width":128,"height":128,"folderId":null,"thumbnail":{"url":"https://assets.nicepagecdn.com/0876777f/5558905/images/232397.png","width":128,"height":128},"usages":[]},{"id":"user-image-1384031.png","fileName":"1384031.png","name":"1384031","publicUrl":"https://assets.nicepagecdn.com/0876777f/5558905/images/1384031.png","size":3714,"hash":"nZpf0VwBoyj2KZ14W22t7dMPwk4=","width":128,"height":128,"folderId":null,"thumbnail":{"url":"https://assets.nicepagecdn.com/0876777f/5558905/images/1384031.png","width":128,"height":128},"usages":[]},{"id":"user-image-3955024.png","fileName":"3955024.png","name":"3955024","publicUrl":"https://assets.nicepagecdn.com/0876777f/5558905/images/3955024.png","size":7247,"hash":"3dBJGiro869kbcg59BwmBSE6AE8=","width":128,"height":128,"folderId":null,"thumbnail":{"url":"https://assets.nicepagecdn.com/0876777f/5558905/images/3955024.png","width":128,"height":128},"usages":[]},{"id":"user-image-e8ba69b3-08f3-4353-9b72-a7c9bbeb8a26.jpg","fileName":"e8ba69b3-08f3-4353-9b72-a7c9bbeb8a26.jpg","name":"e8ba69b3-08f3-4353-9b72-a7c9bbeb8a26","publicUrl":"https://assets.nicepagecdn.com/0876777f/5558905/images/e8ba69b3-08f3-4353-9b72-a7c9bbeb8a26.jpg","size":10788,"hash":"rpZb1LncqEWWG3uyOBZ5eZnepVM=","width":248,"height":310,"folderId":null,"thumbnail":{"url":"https://assets.nicepagecdn.com/0876777f/5558905/images/thumbnails/e8ba69b3-08f3-4353-9b72-a7c9bbeb8a26.jpg","width":120,"height":150},"usages":["5559416"]},{"id":"user-image-background-jaringan-komputer-0.jpg","fileName":"background-jaringan-komputer-0.jpg","name":"background-jaringan-komputer-0","publicUrl":"https://assets.nicepagecdn.com/0876777f/5558905/images/background-jaringan-komputer-0.jpg","size":164261,"hash":"VOxLQ4iuz6/JXYGrlJb3K2wCn1k=","width":1300,"height":957,"folderId":null,"thumbnail":{"url":"https://assets.nicepagecdn.com/0876777f/5558905/images/thumbnails/background-jaringan-komputer-0.jpg","width":150,"height":110},"usages":[]},{"id":"user-image-212.jpg","fileName":"212.jpg","name":"212","publicUrl":"https://assets.nicepagecdn.com/0876777f/5558905/images/212.jpg","size":1781407,"hash":"twvPmLP6/w7XiDbdus8zKGFeRYI=","width":1638,"height":997,"folderId":null,"thumbnail":{"url":"https://assets.nicepagecdn.com/0876777f/5558905/images/thumbnails/212.jpg","width":150,"height":91},"usages":[]},{"id":"user-image-54.jfif","fileName":"54.jfif","name":"54","publicUrl":"https://assets.nicepagecdn.com/0876777f/5558905/images/54.jfif","size":10414,"hash":"K9PntYPikuaDkzVBlGsA7g86Qe4=","width":275,"height":183,"folderId":null,"thumbnail":{"url":"https://assets.nicepagecdn.com/0876777f/5558905/images/thumbnails/54.jfif","width":150,"height":100},"usages":[]}]